userId;state
196;286&5|663&5|153&5|8&5|
186;300&5|925&5|44&5|159&5|
22;204&5|186&5|238&5|184&5|
244;856&5|276&5|42&5|1119&5|
166;328&5|322&5|313&5|258&4|
298;482&5|604&5|237&5|88&5|
115;7&5|13&5|1073&5|952&5|
305;530&5|357&5|427&5|48&5|
6;488&5|475&5|523&5|14&5|
62;56&5|50&5|1129&5|521&5|
210;172&5|202&5|200&5|655&5|
224;313&5|1039&5|318&5|727&4|
303;64&5|83&5|483&5|23&5|
194;127&5|28&5|136&5|173&5|
291;69&5|129&5|567&5|174&5|
234;479&5|661&5|8&5|134&5|
119;268&5|11&5|537&5|1166&5|
167;1125&5|1126&5|435&5|521&5|
299;251&5|175&5|462&5|190&5|
308;11&5|177&5|175&5|654&5|
95;238&5|194&5|50&5|153&5|
102;208&4|447&4|183&4|612&4|
63;301&5|100&5|1137&5|277&4|
50;324&5|1010&5|1084&5|508&5|
301;215&5|69&5|181&5|195&5|
225;22&5|604&5|480&5|136&5|
290;158&5|50&5|22&5|210&5|
97;204&5|191&5|32&5|661&5|
157;268&5|515&5|117&5|1016&5|
181;476&4|9&4|220&4|270&4|
276;653&5|143&5|234&5|198&5|
7;447&5|141&5|484&5|238&5|
10;211&5|23&5|180&5|197&5|
284;347&5|301&5|304&4|286&4|
201;447&5|93&5|56&5|276&5|
178;184&5|174&5|157&5|275&5|
251;45&5|132&5|313&5|298&5|
81;186&5|79&5|98&5|591&5|
260;882&5|334&5|326&5|1243&5|
72;520&5|423&5|197&5|127&5|
87;230&5|97&5|781&5|944&5|
292;207&5|190&5|228&5|654&5|
20;588&4|252&4|82&4|243&4|
13;172&5|462&5|675&5|316&5|
246;219&5|109&5|567&5|81&5|
223;173&5|95&5|117&5|1016&5|
189;1065&5|174&5|50&5|178&5|
243;632&5|285&5|86&5|8&5|
92;100&5|169&5|69&5|223&5|
241;310&4|307&4|292&4|300&4|
254;313&5|135&5|423&5|97&5|
293;705&5|496&5|653&5|518&5|
222;135&5|568&5|218&5|127&5|
42;77&5|736&5|194&5|172&5|
11;357&5|745&5|718&5|9&5|
8;651&5|176&5|127&5|258&5|
145;879&5|665&5|237&5|234&5|
28;223&5|176&5|100&5|480&5|
135;23&4|173&4|939&4|258&4|
32;508&4|250&4|257&4|313&4|
286;403&5|738&5|289&5|1038&5|
216;22&5|651&5|943&5|655&5|
250;71&5|200&5|92&5|480&5|
160;174&5|192&5|182&5|100&5|
265;273&5|237&5|282&5|748&5|
198;127&5|531&5|89&5|1142&5|
58;238&5|511&5|367&5|603&5|
90;1199&5|606&5|8&5|732&5|
271;169&5|194&5|172&5|180&5|
279;186&5|408&5|24&5|175&5|
237;169&5|1192&5|603&5|513&5|
94;589&5|510&5|190&5|483&5|
128;136&5|216&5|64&5|427&5|
41;175&5|50&5|516&5|430&5|
82;430&5|603&5|64&5|100&5|
262;131&5|486&5|64&5|923&4|
59;23&5|64&5|218&5|736&5|
174;216&5|272&5|269&5|953&5|
43;169&5|301&5|208&5|300&5|
57;42&5|173&5|222&5|257&5|
84;194&5|543&5|87&5|12&5|
269;171&5|191&5|1428&5|185&5|
99;100&5|168&5|210&5|651&5|
259;357&5|313&5|180&5|168&5|
85;485&5|208&5|132&5|57&5|
121;313&5|9&5|57&5|135&5|
49;919&5|432&5|652&5|428&5|
155;872&3|294&3|319&3|292&3|
68;258&5|276&5|286&5|178&5|
268;134&5|96&5|302&5|50&5|
5;209&5|100&5|436&5|89&5|
44;168&5|318&5|209&5|9&5|
66;742&5|298&4|288&4|9&4|
18;223&5|12&5|45&5|170&5|
26;126&4|269&4|129&4|304&4|
200;673&5|318&5|210&5|423&5|
213;172&5|127&5|478&5|504&5|
130;93&5|403&5|763&5|895&5|
38;200&5|742&5|405&5|247&5|
256;1&5|550&5|22&5|54&5|
1;208&5|96&5|127&5|16&5|
56;194&5|117&5|50&5|121&5|
15;754&5|50&5|306&5|292&5|
207;357&5|153&5|871&5|515&5|
52;191&5|287&5|126&5|285&5|
125;222&5|143&5|511&5|98&5|
83;204&5|88&5|663&5|393&5|
110;77&4|11&4|69&4|96&4|
54;333&5|276&5|181&5|741&5|
16;496&5|467&5|200&5|498&5|
91;183&5|689&5|97&5|515&5|
294;475&5|288&5|249&5|50&5|
229;340&4|286&4|896&4|288&4|
70;172&5|588&5|511&5|419&5|
14;525&5|716&5|509&5|172&5|
214;1073&5|650&5|285&5|180&5|
192;9&5|302&5|108&4|813&4|
100;344&4|752&4|272&4|294&4|
297;272&5|70&5|238&5|168&5|
264;209&5|216&5|23&5|183&5|
193;282&5|487&5|69&5|187&4|
219;382&5|132&5|631&5|258&5|
123;435&5|285&5|504&5|9&5|
158;209&5|202&5|174&5|511&5|
302;258&3|289&3|358&3|328&3|
23;100&5|269&5|224&5|408&5|
33;300&4|323&4|328&4|343&4|
154;89&5|523&5|175&5|641&5|
296;508&5|357&5|237&5|528&5|
270;584&5|943&5|535&5|319&5|
101;288&4|121&4|742&4|255&4|
184;100&5|1167&5|1137&5|213&5|
112;346&5|312&5|313&5|272&5|
218;98&5|657&5|516&5|1073&5|
133;269&4|315&4|316&4|750&4|
215;1039&5|517&5|496&5|313&5|
104;150&5|15&5|302&5|313&4|
267;24&5|464&5|228&5|169&5|
240;895&5|269&5|301&5|288&5|
144;195&5|747&5|194&5|318&5|
191;302&4|286&4|340&4|331&4|
61;310&4|1127&4|304&4|678&3|
275;210&4|523&4|50&4|294&4|
272;210&5|521&5|134&5|56&5|
177;12&5|127&5|288&5|403&5|
203;288&5|283&5|332&5|276&4|
134;1&5|326&5|328&4|316&4|
236;9&5|750&5|427&5|97&5|
151;197&5|121&5|499&5|81&5|
109;451&5|550&5|226&5|1016&5|
249;147&5|634&5|42&5|56&5|
64;520&5|496&5|10&5|50&5|
114;100&5|522&5|183&5|89&5|
239;443&5|432&5|45&5|428&5|
60;60&5|608&5|515&5|168&5|
287;1&5|39&5|340&5|201&5|
117;282&5|168&5|886&5|214&5|
65;392&5|64&5|378&5|423&5|
295;157&5|164&5|7&5|70&5|
257;50&5|582&5|1462&5|1129&5|
187;694&5|83&5|168&5|65&5|
285;288&5|538&5|313&5|357&5|
96;174&5|483&5|200&5|265&5|
116;11&5|268&5|596&5|127&5|
73;173&5|64&5|154&5|479&5|
263;419&5|661&5|100&5|496&5|
221;721&5|246&5|156&5|96&5|
25;408&5|174&5|1&5|189&5|
235;474&5|275&5|483&5|705&5|
307;50&5|168&5|214&5|463&5|
164;331&5|148&5|291&5|866&5|
281;310&4|300&4|538&4|877&4|
182;423&5|178&5|596&5|50&5|
129;272&4|269&4|242&4|327&3|
45;127&5|100&5|257&5|13&5|
21;854&5|9&5|656&5|853&5|
197;449&5|172&5|183&5|127&5|
131;285&5|313&5|242&5|251&5|
230;515&5|739&5|951&5|496&5|
126;681&5|878&5|884&5|313&5|
231;181&4|121&4|300&4|50&4|
280;98&5|66&5|200&5|697&5|
288;887&5|197&5|64&5|69&5|
152;15&5|487&5|157&5|215&5|
217;79&5|685&5|231&5|403&5|
79;763&5|813&5|906&5|251&5|
138;435&5|514&5|137&5|56&5|
75;410&5|496&5|151&5|79&5|
69;150&5|172&5|234&5|100&5|
282;262&4|269&4|319&4|268&4|
78;411&4|412&4|289&4|257&4|
171;292&4|268&4|269&4|303&4|
107;258&4|302&4|268&4|312&4|
306;19&5|306&5|150&5|269&5|
173;305&5|242&5|328&5|324&5|
185;287&5|28&5|269&5|127&5|
150;246&5|475&5|268&5|293&4|
48;195&5|511&5|209&5|191&5|
311;392&5|64&5|645&5|86&5|
165;15&5|326&5|181&5|651&5|
2;127&5|251&5|50&5|302&5|
205;315&4|289&4|326&4|304&3|
274;164&5|15&5|50&5|181&5|
248;176&5|156&5|186&5|198&5|
122;191&5|86&5|464&5|1113&5|
93;222&4|845&4|275&4|476&4|
253;22&5|117&5|496&5|79&5|
77;199&5|153&5|154&5|173&5|
29;302&4|874&4|657&4|306&4|
156;197&5|641&5|661&4|100&4|
232;52&5|900&5|318&5|132&5|
168;866&5|313&5|126&5|257&5|
37;62&5|161&5|403&5|50&5|
141;7&5|282&5|291&5|333&5|
195;47&5|134&5|651&5|132&5|
108;515&5|14&5|10&5|100&4|
188;143&5|566&5|216&5|483&5|
161;316&5|100&4|69&4|98&4|
47;258&4|289&4|321&4|292&4|
113;126&5|328&5|874&5|257&5|
255;98&5|763&5|682&5|234&5|
36;883&5|882&5|358&5|261&5|
111;301&4|333&4|286&4|311&4|
140;880&4|321&4|304&4|289&4|
190;313&5|272&5|15&4|269&4|
226;9&5|98&5|258&5|203&5|
180;380&5|658&5|53&5|98&5|
17;294&4|269&4|1&4|475&4|
313;197&5|135&5|515&5|483&5|
148;50&5|174&5|474&5|209&5|
233;127&5|216&5|1194&5|70&5|
208;663&5|371&5|194&5|211&5|
283;432&5|659&5|173&5|91&5|
53;628&5|64&5|281&4|568&4|
124;144&4|616&4|7&4|226&4|
24;191&5|9&5|55&5|69&5|
149;346&4|345&4|896&4|303&4|
176;340&5|305&5|475&5|268&5|
106;191&5|194&5|165&5|97&5|
312;206&5|613&5|855&5|608&5|
153;56&5|258&5|265&4|568&4|
172;220&4|582&4|124&4|580&4|
220;298&4|682&4|289&4|294&4|
143;331&5|313&5|326&5|328&4|
199;269&5|408&5|9&5|475&5|
202;516&4|269&4|195&4|283&3|
277;221&4|628&4|508&4|293&4|
76;517&5|6&5|150&5|197&5|
136;647&5|100&5|9&5|124&5|
179;333&5|315&5|288&5|682&5|
118;654&5|919&5|475&5|53&5|
4;360&5|300&5|361&5|362&5|
304;294&4|271&4|763&4|278&4|
3;321&5|320&5|344&4|348&4|
206;895&5|288&5|313&5|315&5|
162;1019&4|628&4|28&4|147&4|
227;129&5|7&5|93&5|13&5|
252;1&5|149&5|275&5|286&5|
212;317&5|631&5|246&5|197&5|
314;588&5|138&5|993&5|815&5|
35;332&4|748&4|333&4|937&4|
105;268&4|272&4|286&4|269&4|
34;242&5|299&5|332&5|329&5|
51;172&5|144&5|132&4|64&4|
204;303&5|242&5|340&5|170&5|
315;318&5|269&5|204&5|56&5|
31;705&5|504&5|493&5|514&5|
103;527&5|24&4|301&4|294&4|
318;315&5|509&5|157&5|26&5|
142;134&5|514&5|346&5|176&5|
30;313&5|242&5|69&5|1007&5|
120;121&4|125&4|744&4|127&4|
137;174&5|680&5|385&5|405&5|
19;153&4|310&4|319&4|887&4|
46;262&5|333&5|1062&5|127&5|
289;455&4|24&4|685&4|471&4|
209;50&5|251&5|1086&4|766&4|
88;886&5|261&5|1191&5|904&5|
321;1194&5|633&5|432&5|132&5|
261;875&5|339&5|125&5|687&5|
266;286&4|124&4|285&4|313&4|
127;450&5|62&5|228&5|901&5|
238;405&4|538&4|300&4|121&4|
159;127&5|25&5|310&5|273&5|
80;215&5|100&5|205&5|64&5|
323;180&5|744&5|467&5|23&5|
170;300&5|984&5|245&5|333&4|
316;923&5|283&5|716&5|275&5|
211;423&5|127&4|286&4|117&4|
71;197&5|56&5|357&5|257&5|
98;629&5|435&5|428&5|25&5|
12;318&5|191&5|591&5|4&5|
258;326&5|748&5|286&5|751&5|
278;288&5|525&5|22&5|173&5|
228;286&5|655&4|288&4|651&4|
325;199&5|408&5|23&5|434&5|
175;234&5|11&5|483&5|172&5|
320;431&5|210&5|195&5|470&5|
310;1142&5|845&5|1022&5|251&5|
326;657&5|550&5|144&5|498&5|
67;405&5|1093&5|1095&4|472&4|
40;896&4|754&4|242&4|303&4|
147;339&5|304&5|750&5|301&5|
89;197&5|257&5|269&5|187&5|
319;332&4|267&4|880&4|333&4|
327;305&5|959&5|919&5|865&5|
183;177&5|241&4|216&4|380&4|
328;132&5|89&5|188&5|515&5|
74;307&4|690&4|7&4|258&4|
330;732&5|136&5|238&5|699&5|
27;9&4|121&4|370&4|246&4|
322;32&5|521&5|157&5|528&5|
331;302&5|269&5|305&5|958&5|
332;307&5|326&5|172&5|182&5|
329;100&4|313&4|12&4|483&4|
139;1233&5|297&5|100&5|268&4|
300;948&4|243&4|322&4|257&4|
247;258&5|50&5|28&5|257&4|
163;97&4|318&4|357&4|347&4|
333;88&5|66&5|127&4|186&4|
334;906&5|481&5|896&5|228&5|
39;937&5|347&4|294&4|269&4|
336;1012&5|168&5|154&5|204&5|
335;902&5|322&4|305&4|245&4|
324;410&5|288&5|301&5|1&5|
169;606&5|879&5|603&5|172&5|
338;443&5|134&5|603&5|480&5|
309;938&4|242&4|319&4|334&4|
339;357&5|191&5|603&5|182&5|
342;47&5|212&5|320&5|32&5|
340;199&5|588&5|497&5|95&5|
317;313&4|299&4|328&4|260&4|
341;881&5|887&5|880&5|335&4|
343;231&5|357&5|134&5|65&5|
344;198&5|1142&5|100&5|367&5|
9;385&5|286&5|6&5|371&5|
345;582&5|98&5|56&5|223&5|
346;56&5|2&5|520&5|318&5|
242;934&5|1152&5|305&5|361&5|
273;896&4|690&4|319&4|321&4|
347;157&5|239&5|293&5|82&5|
86;1176&5|889&5|888&4|259&4|
245;717&4|112&4|258&4|50&4|
349;20&5|411&4|619&4|15&4|
348;313&5|126&5|147&5|111&5|
354;528&5|136&5|509&5|10&5|
146;272&5|245&5|1293&5|311&4|
351;898&5|990&5|879&5|258&5|
55;273&5|89&5|56&4|174&4|
358;1021&5|1159&5|221&5|132&5|
352;172&5|174&5|182&5|98&5|
360;170&5|955&5|654&5|963&5|
363;96&5|173&5|12&5|248&5|
355;300&4|310&4|682&4|689&4|
357;1028&5|280&5|866&5|283&5|
361;705&5|98&5|514&5|170&5|
365;813&5|150&5|268&5|100&5|
367;50&5|98&5|324&5|302&5|
356;333&5|288&4|328&4|326&4|
132;137&4|124&4|154&4|523&4|
368;217&5|313&5|201&5|379&4|
373;169&5|259&5|496&5|451&5|
370;607&5|257&5|603&5|443&5|
371;202&5|79&5|22&5|527&5|
374;100&5|97&5|48&5|241&5|
350;195&5|132&5|654&5|136&5|
337;151&5|135&5|15&5|471&5|
378;313&5|318&5|213&5|22&5|
372;219&5|581&5|273&5|234&5|
377;173&5|168&5|154&5|272&5|
375;525&4|356&4|684&4|443&4|
359;50&5|286&5|7&5|1&4|
379;174&5|56&5|100&5|187&5|
380;190&5|12&5|174&4|357&4|
381;50&5|514&5|175&5|318&5|
385;46&5|182&5|855&5|32&5|
382;334&5|1229&5|56&5|474&5|
362;689&5|347&5|300&5|302&5|
387;89&5|919&5|156&5|461&5|
366;448&5|219&5|200&5|53&5|
369;172&5|919&5|271&5|268&5|
386;685&4|323&4|50&4|1016&4|
389;514&5|187&5|485&5|610&5|
383;213&5|286&5|604&5|268&5|
390;126&5|9&5|258&5|304&5|
393;50&5|147&5|496&5|591&5|
376;707&4|111&4|603&4|357&4|
394;204&5|385&5|168&5|123&5|
391;9&5|186&5|59&5|504&5|
392;528&5|191&5|632&5|246&5|
398;124&5|216&5|71&5|648&5|
399;318&5|588&5|143&5|196&5|
388;288&5|298&5|218&5|98&5|
364;288&4|269&4|948&4|990&4|
401;435&5|196&5|144&5|735&5|
396;291&4|148&4|323&4|974&4|
397;192&5|172&5|199&5|50&5|
402;286&5|479&5|182&5|96&5|
395;186&5|343&5|378&5|181&5|
403;235&5|7&5|121&5|471&5|
405;66&5|174&5|47&5|67&5|
400;288&4|269&4|895&4|321&4|
384;313&5|689&4|258&4|879&4|
406;135&5|624&5|671&5|180&5|
353;313&5|316&5|905&4|750&4|
407;134&5|191&5|496&5|98&5|
409;1558&5|474&5|286&5|1194&5|
404;270&4|258&4|310&4|332&4|
413;14&5|303&5|275&5|283&5|
408;324&5|294&5|315&5|270&5|
410;286&4|905&4|690&4|873&4|
416;183&5|873&5|215&5|729&5|
417;727&5|190&5|55&5|357&5|
412;7&5|186&5|276&5|174&5|
420;283&5|285&5|179&5|690&5|
422;286&5|665&5|250&5|98&5|
411;709&5|210&5|194&5|603&5|
419;50&5|488&5|306&5|197&5|
425;156&5|172&5|302&5|92&5|
423;100&5|276&5|750&5|9&5|
415;174&5|748&5|328&5|56&5|
429;199&5|166&5|100&5|1101&5|
428;302&5|300&5|751&5|269&5|
427;682&5|989&5|289&5|332&5|
418;288&5|304&4|895&4|313&3|
424;333&5|9&5|294&5|990&5|
432;508&5|255&5|1012&5|293&5|
421;443&5|129&5|56&5|144&5|
435;183&5|171&5|433&5|343&5|
436;327&5|182&5|144&5|1468&5|
430;19&5|98&5|318&5|221&5|
426;603&5|199&5|482&5|133&5|
434;928&5|237&5|411&5|274&5|
437;663&5|1036&5|221&5|479&5|
442;92&5|710&5|172&5|176&5|
440;921&5|736&5|312&5|1194&5|
445;346&5|174&4|151&4|902&4|
447;83&5|1142&5|248&5|56&5|
438;282&5|50&5|321&5|237&5|
449;1073&5|639&5|59&5|100&5|
450;133&5|736&5|197&5|923&5|
446;270&4|887&4|269&4|332&3|
439;1600&5|242&5|300&4|7&4|
431;748&4|300&4|538&4|245&4|
451;294&5|678&5|288&5|260&5|
452;154&5|480&5|7&5|496&5|
433;269&5|60&5|50&5|12&5|
454;318&5|566&4|70&4|496&4|
453;172&5|357&5|12&5|276&5|
414;270&5|272&5|258&5|302&5|
448;319&5|345&5|896&5|270&5|
455;82&5|56&5|200&5|423&5|
457;194&5|51&5|239&5|186&5|
456;172&5|474&5|479&5|603&5|
444;251&5|306&5|9&5|313&4|
458;588&5|408&5|484&5|956&5|
459;172&5|148&5|989&5|8&5|
460;276&5|137&5|19&5|306&4|
462;272&5|310&5|237&5|866&5|
461;347&4|258&4|304&4|313&4|
467;127&5|109&5|268&5|1142&5|
468;195&5|22&5|216&5|180&5|
466;995&5|882&5|50&5|1607&5|
472;541&5|831&5|550&5|72&5|
465;64&5|258&5|202&4|136&4|
463;116&5|275&5|253&5|283&5|
471;932&5|94&5|393&5|8&5|
474;124&5|4&5|499&5|211&5|
464;127&5|194&5|293&5|248&5|
469;656&5|705&5|507&5|474&5|
476;168&5|208&5|186&5|194&5|
478;100&5|64&5|357&5|216&5|
470;283&5|471&5|276&5|475&4|
441;9&4|751&4|117&4|342&4|
479;474&5|1&5|183&5|480&5|
484;468&5|1&5|293&5|924&5|
486;50&5|880&5|9&5|285&5|
480;166&5|169&5|213&5|12&5|
487;64&5|239&5|955&5|273&5|
482;294&4|301&4|311&4|328&4|
481;648&5|524&5|659&5|70&5|
473;150&5|246&5|268&5|116&5|
492;527&5|56&5|511&5|528&5|
493;50&5|455&5|265&5|318&5|
490;93&4|124&4|24&4|410&4|
483;50&5|1152&4|274&4|181&4|
489;751&5|908&5|316&5|347&5|
496;559&5|727&5|87&5|277&5|
495;416&5|147&5|173&5|86&5|
497;249&5|173&5|156&5|127&5|
488;651&5|633&5|64&5|318&4|
498;156&5|135&5|160&5|652&5|
499;663&5|427&5|69&5|657&5|
491;684&5|45&5|657&5|273&5|
477;1051&5|553&5|111&5|275&5|
500;42&5|708&5|479&5|514&5|
502;342&4|895&4|313&4|307&4|
503;498&5|98&5|496&5|213&5|
494;183&5|174&5|663&5|127&5|
504;292&5|98&5|132&5|729&5|
505;588&5|402&5|22&5|498&5|
506;523&5|746&5|177&5|194&5|
443;12&5|333&5|309&5|343&5|
508;154&5|209&5|423&5|132&5|
511;880&5|872&5|346&4|908&4|
514;433&5|188&5|174&5|474&5|
515;315&4|362&4|682&4|307&4|
512;186&5|198&5|318&5|11&5|
475;316&5|306&5|347&4|381&4|
518;222&5|121&5|125&5|129&5|
509;271&4|326&4|181&4|258&4|
516;169&5|50&5|582&5|628&4|
510;678&4|323&4|258&4|333&3|
524;124&5|527&5|433&5|302&5|
501;1067&5|475&5|7&4|307&4|
525;1&4|685&4|1315&4|405&4|
521;109&5|206&5|721&4|147&4|
520;242&5|25&4|310&4|100&4|
523;382&5|189&5|204&5|116&5|
528;657&5|210&5|79&5|202&5|
532;339&5|313&5|588&5|277&5|
530;196&5|220&5|357&5|178&5|
529;682&4|310&4|333&4|300&4|
517;300&5|761&5|275&5|538&4|
527;9&5|526&5|180&5|172&5|
485;303&4|346&4|269&4|313&4|
507;826&5|288&5|1034&5|222&5|
533;430&5|205&5|132&5|739&5|
535;134&5|319&5|484&5|204&5|
513;50&5|323&5|210&5|252&5|
526;285&5|100&5|315&5|313&5|
519;1280&5|903&5|335&5|351&5|
537;135&5|205&5|644&5|511&5|
536;1115&5|694&5|427&5|378&5|
534;1199&5|456&5|147&5|717&5|
541;755&5|419&5|181&5|474&5|
538;69&5|318&5|187&5|127&5|
542;192&5|127&5|432&5|48&5|
545;1&5|228&5|50&5|230&5|
531;286&5|302&5|690&5|323&5|
547;328&4|312&4|321&4|319&4|
543;135&5|134&5|1159&5|60&5|
548;431&5|183&5|12&5|23&5|
546;5&5|760&5|53&5|181&5|
522;23&5|179&5|135&5|521&5|
551;578&5|655&5|433&5|735&5|
544;346&4|300&4|749&4|326&3|
552;258&4|286&4|121&4|126&4|
540;7&4|269&4|109&4|20&4|
554;230&5|191&5|215&5|98&5|
553;511&5|213&5|487&5|1194&5|
550;313&5|15&5|323&5|258&5|
559;520&5|315&5|216&5|318&5|
560;483&5|183&5|654&5|249&5|
561;432&5|273&5|12&5|56&5|
556;496&5|187&5|133&5|427&5|
539;661&5|170&5|59&5|319&5|
563;257&5|255&5|692&5|1035&4|
566;64&5|134&5|165&5|405&5|
557;307&5|197&5|96&5|298&5|
564;292&4|472&4|117&4|245&4|
549;127&5|866&4|748&4|121&4|
567;185&5|474&5|479&5|506&5|
569;151&5|286&5|19&5|126&5|
576;100&4|257&4|125&4|825&4|
577;181&5|28&5|121&5|866&5|
573;528&4|178&4|10&4|174&4|
579;258&5|603&5|216&5|202&5|
574;268&5|242&5|100&5|344&5|
555;181&5|169&5|100&5|236&5|
562;82&5|148&5|173&5|50&5|
558;936&5|253&5|20&5|100&5|
575;168&5|173&5|96&5|98&4|
588;91&5|272&5|313&5|365&5|
565;179&5|713&5|190&5|707&5|
587;895&4|288&4|315&4|333&4|
568;488&5|134&5|641&5|479&5|
586;3&5|17&5|29&5|56&5|
585;213&5|198&5|70&5|1009&5|
582;293&5|475&5|93&5|7&5|
584;258&4|423&4|181&4|222&4|
591;45&5|1099&5|191&5|238&5|
581;1367&5|100&5|813&5|137&5|
592;174&5|421&5|285&5|117&5|
580;258&5|181&5|288&5|282&5|
583;200&5|12&5|268&5|100&5|
596;288&4|294&4|181&4|682&4|
599;111&5|1278&5|763&5|845&5|
593;56&5|161&5|83&5|478&5|
594;127&4|15&4|222&4|100&4|
597;283&5|300&5|825&5|293&5|
578;1016&4|678&3|751&3|346&3|
589;328&5|339&5|333&5|873&5|
601;50&5|181&5|763&5|1084&5|
602;181&5|678&4|9&4|358&4|
600;187&5|518&5|241&5|665&5|
590;286&5|150&5|137&5|126&5|
603;748&5|313&5|50&5|250&5|
595;14&5|1134&5|1142&5|508&5|
606;100&5|248&5|993&5|168&5|
607;511&5|487&4|100&4|855&4|
608;357&5|505&5|56&5|1063&5|
605;408&5|318&5|288&5|223&5|
610;12&5|153&5|185&5|162&5|
617;200&5|179&4|635&4|1019&4|
618;98&5|187&5|404&5|427&5|
614;147&5|126&4|121&4|276&4|
609;877&5|287&5|408&5|750&4|
615;519&5|192&5|191&5|529&5|
616;286&5|269&4|331&4|292&4|
611;306&5|286&5|346&5|752&5|
571;124&4|964&4|462&4|657&4|
619;176&5|651&5|258&5|118&5|
622;222&5|228&5|249&5|173&5|
621;79&5|117&5|578&5|50&5|
620;699&5|627&5|1&5|164&5|
604;100&5|448&5|127&4|447&4|
624;100&5|14&5|285&5|313&5|
612;1060&4|604&4|100&4|864&4|
627;51&5|22&5|199&5|187&5|
625;483&5|96&5|169&5|144&4|
629;684&5|23&5|111&5|64&5|
570;327&4|302&4|301&3|340&3|
632;64&5|184&5|174&5|50&5|
623;648&5|210&5|204&5|483&5|
572;476&4|319&4|14&4|286&4|
633;939&4|405&4|226&4|300&4|
634;9&5|276&5|744&5|950&5|
639;615&5|487&5|462&5|778&5|
630;111&5|595&5|742&5|216&5|
642;959&5|559&5|28&5|51&5|
637;1233&5|151&5|100&4|1344&4|
640;169&5|302&5|315&5|42&5|
626;268&4|327&4|302&4|258&4|
613;272&5|64&5|603&5|530&5|
643;176&5|1&5|208&5|603&5|
598;258&5|286&5|323&4|300&4|
638;181&5|174&5|430&5|265&5|
635;246&5|262&5|302&4|331&4|
644;322&5|748&4|988&4|181&4|
628;333&5|288&5|1296&5|1025&5|
631;346&4|289&4|313&4|310&4|
645;514&5|641&5|427&5|134&5|
648;222&5|685&5|435&5|208&5|
647;73&5|197&5|177&5|554&4|
650;479&5|50&5|484&5|134&5|
651;302&5|127&4|286&4|327&4|
654;736&5|302&5|408&5|28&5|
653;56&5|89&5|157&5|174&5|
636;596&5|258&5|313&5|121&5|
655;127&5|1131&5|320&5|962&5|
658;408&5|527&5|56&5|151&5|
656;272&3|346&3|302&3|270&3|
660;315&4|290&4|898&4|746&4|
659;705&5|606&5|177&5|496&5|
646;315&4|690&3|678&3|328&3|
663;56&5|150&5|272&5|763&5|
664;276&5|611&5|482&5|172&5|
649;127&5|471&5|24&4|252&4|
657;690&4|1009&4|151&4|922&4|
665;156&5|249&5|762&4|135&4|
666;134&5|707&5|529&5|651&5|
661;181&5|498&5|172&5|28&5|
662;285&5|6&5|93&5|985&4|
667;269&5|131&5|223&5|28&5|
641;511&5|285&5|432&5|513&5|
668;210&5|302&5|269&5|367&5|
673;340&5|750&5|310&5|272&5|
671;161&5|576&5|472&5|181&5|
669;647&5|192&5|114&5|490&5|
652;275&4|282&4|538&4|333&4|
677;300&5|101&5|268&5|455&5|
682;71&5|95&5|172&5|272&5|
679;483&5|286&5|173&5|357&5|
684;172&5|408&5|8&5|82&5|
676;174&5|50&5|173&5|168&5|
683;56&5|607&5|302&5|513&5|
674;742&5|282&5|111&5|866&5|
672;127&4|815&4|301&4|1028&4|
692;412&4|194&4|411&4|328&4|
690;238&5|64&5|218&5|98&5|
689;258&5|300&5|7&5|250&5|
686;48&5|518&5|135&5|474&5|
693;185&5|97&5|178&5|313&5|
685;325&3|324&3|319&2|340&2|
697;270&5|283&5|324&5|268&5|
698;83&5|50&5|613&5|173&5|
694;188&5|423&5|98&5|661&5|
680;50&5|169&5|14&5|150&5|
705;148&5|275&5|282&5|283&5|
670;479&5|659&5|483&5|228&5|
699;185&4|252&4|20&4|298&4|
707;347&5|1109&5|923&5|10&5|
704;648&5|193&5|135&5|488&5|
687;269&4|321&4|749&4|678&4|
695;1024&5|991&5|346&5|903&4|
708;740&5|313&5|845&5|319&5|
709;217&5|118&5|1059&5|50&5|
711;213&5|1160&5|381&5|70&5|
710;23&5|127&5|483&5|56&5|
712;173&5|785&5|66&5|172&5|
700;144&4|318&4|651&4|48&4|
715;90&5|1&5|265&5|318&5|
713;347&4|269&4|302&4|539&3|
681;289&5|898&4|990&4|539&4|
678;111&4|742&4|7&4|50&4|
716;91&5|432&5|1020&5|275&5|
719;520&5|64&5|98&5|660&5|
702;538&4|229&4|380&4|227&4|
721;179&5|471&5|328&5|196&5|
714;748&5|117&5|250&5|1016&5|
696;523&5|286&5|344&5|315&5|
722;333&5|628&4|286&4|130&4|
717;888&5|302&5|887&5|628&5|
724;326&4|895&4|328&4|333&4|
727;169&5|173&5|679&5|168&5|
725;286&5|9&4|328&4|879&4|
701;100&5|315&5|750&5|237&5|
718;282&5|742&5|300&5|751&5|
706;181&4|323&4|237&4|1&4|
691;1&5|604&5|735&5|79&5|
720;311&5|896&5|1062&5|898&4|
729;689&4|272&4|300&4|748&4|
726;25&4|1&4|274&4|310&4|
675;509&5|650&5|896&5|1628&5|
688;339&5|678&5|877&5|1127&5|
703;127&5|121&5|15&5|50&5|
738;603&5|313&5|228&5|89&5|
736;532&4|246&4|248&4|293&4|
734;318&5|283&5|143&5|202&5|
728;282&4|25&4|322&4|678&4|
730;100&5|298&4|7&4|268&4|
743;302&5|9&5|224&5|100&5|
737;137&5|258&5|175&5|127&5|
733;137&5|124&5|100&5|515&5|
745;190&5|98&5|12&5|64&5|
740;289&4|242&4|288&4|294&4|
735;1&4|275&4|181&4|258&4|
747;510&5|923&5|71&5|736&5|
723;172&4|174&4|50&4|258&4|
749;98&5|202&5|173&5|174&5|
748;89&5|175&5|408&5|96&5|
746;172&5|210&5|144&5|174&5|
750;288&4|303&4|301&4|331&4|
739;69&5|1429&5|195&5|97&5|
741;265&5|478&5|98&5|22&5|
751;659&5|28&5|168&5|42&5|
756;1149&5|55&5|100&5|420&4|
757;258&5|515&5|176&5|64&5|
752;271&5|269&5|302&5|327&5|
758;100&5|202&5|195&5|657&5|
742;237&4|13&4|124&4|1&4|
732;286&5|332&5|243&5|304&5|
731;170&5|97&5|215&5|202&5|
754;127&4|282&4|937&4|117&4|
753;71&5|657&5|269&5|427&5|
763;730&5|100&5|961&5|61&5|
764;174&5|69&5|289&5|318&5|
767;177&5|659&5|207&5|98&5|
744;657&5|963&5|508&5|23&4|
755;879&4|748&4|880&4|245&4|
771;8&5|709&5|1129&5|71&5|
762;515&5|955&5|274&4|270&4|
772;331&5|258&5|328&5|313&5|
766;428&5|663&5|208&5|212&5|
774;679&5|519&5|238&5|179&5|
760;776&5|1037&5|195&4|204&4|
761;245&5|546&5|181&5|50&5|
765;14&5|127&5|242&5|286&5|
777;202&5|117&5|652&5|692&5|
776;483&5|509&5|510&5|89&5|
780;313&5|97&5|498&5|204&5|
773;14&5|462&5|187&5|258&5|
779;258&5|21&5|195&5|118&5|
778;367&5|154&5|180&4|98&4|
782;750&4|880&4|895&4|752&4|
786;357&5|200&5|132&5|528&5|
768;300&5|301&5|272&5|14&5|
770;924&5|282&5|813&5|14&5|
788;199&5|28&5|483&5|183&5|
789;276&5|150&5|127&5|9&5|
790;298&5|216&5|762&5|241&5|
783;299&5|346&5|258&4|300&4|
785;195&4|69&4|22&4|79&4|
784;302&5|313&5|307&4|678&4|
794;100&5|24&5|14&5|127&5|
787;750&5|268&4|307&4|326&4|
796;195&5|739&5|147&5|204&5|
795;588&5|7&5|100&5|168&5|
759;118&5|294&5|1&5|121&5|
793;151&5|117&4|591&4|181&4|
781;100&5|179&5|523&5|127&5|
798;736&5|21&5|181&5|50&5|
791;181&5|275&5|306&5|300&5|
802;879&5|769&5|176&5|183&5|
804;22&5|455&5|663&5|64&5|
775;345&5|343&4|333&4|887&4|
792;100&4|124&4|15&4|13&4|
805;185&5|197&5|1157&5|922&5|
806;179&5|196&5|12&5|408&5|
769;222&4|13&4|476&4|1&4|
807;199&5|1066&5|318&5|313&5|
797;127&4|259&3|294&3|1023&3|
801;268&5|895&5|682&5|294&5|
809;315&5|286&4|313&4|340&4|
815;417&5|86&5|65&5|732&5|
821;705&5|318&5|427&5|509&5|
814;98&4|288&4|219&4|665&4|
812;288&4|326&4|678&4|881&4|
823;8&5|98&5|654&5|187&5|
803;887&5|269&5|311&5|321&4|
825;322&5|117&5|405&5|121&5|
817;124&4|24&4|222&4|288&4|
827;272&4|301&4|302&4|748&4|
829;313&4|257&4|1193&4|319&4|
830;210&5|427&5|126&5|554&5|
826;177&5|96&5|176&5|313&5|
831;64&5|210&5|313&5|174&5|
828;59&5|652&5|960&5|958&5|
808;872&5|264&5|750&5|262&5|
799;173&5|174&5|427&5|45&4|
835;196&5|197&5|179&5|325&5|
833;474&5|96&5|179&5|203&5|
811;286&5|258&5|323&5|895&5|
836;663&5|163&5|603&5|170&5|
838;257&5|419&5|56&5|289&5|
839;285&5|475&5|127&5|129&4|
840;480&5|203&5|430&5|168&5|
816;342&4|343&4|1025&4|322&4|
819;744&5|248&5|340&5|302&5|
818;316&4|887&4|258&4|245&4|
832;294&4|181&3|258&3|50&3|
844;921&5|173&5|216&5|432&5|
800;289&4|864&4|405&4|15&4|
843;7&5|271&5|183&5|288&4|
846;4&5|794&5|530&5|302&5|
837;289&5|151&5|845&4|286&4|
813;750&4|307&4|271&4|690&4|
834;316&5|292&5|333&5|475&5|
842;303&5|302&5|874&5|340&5|
847;258&5|222&5|262&5|652&5|
848;294&5|845&5|427&5|973&5|
822;333&4|189&4|1&4|169&4|
810;879&5|902&5|328&5|326&5|
852;290&4|100&4|1&4|235&4|
851;318&5|1016&5|182&5|346&5|
854;238&5|132&5|9&5|493&5|
858;286&4|515&4|1368&4|269&4|
855;529&4|855&4|475&4|512&4|
824;678&3|991&3|294&3|292&3|
849;172&5|15&5|118&5|421&5|
853;302&4|292&4|304&4|270&4|
841;1294&5|689&5|313&5|331&5|
859;3&5|535&5|249&5|421&5|
856;316&5|294&4|286&4|258&4|
820;286&4|343&4|347&4|538&3|
863;306&5|328&5|286&5|895&5|
850;490&5|69&5|294&5|97&5|
860;4&4|508&4|202&4|313&4|
845;903&4|242&4|313&4|308&4|
857;116&5|275&5|14&4|19&4|
864;201&5|95&5|531&5|238&5|
865;1240&5|7&5|408&5|302&5|
862;658&5|742&5|69&5|176&5|
868;178&5|100&5|7&5|135&5|
867;9&5|289&5|31&5|175&5|
870;479&5|45&5|182&5|127&5|
871;313&5|302&5|172&5|195&5|
876;318&5|511&5|527&5|604&5|
872;313&5|272&4|717&4|1061&4|
875;169&5|333&5|423&5|211&5|
877;176&5|662&5|98&5|744&5|
861;1009&5|289&5|52&5|86&5|
880;208&5|272&5|56&5|124&5|
878;14&5|529&5|474&5|512&5|
881;117&5|511&5|125&5|414&5|
879;685&4|181&4|276&4|121&4|
869;515&5|253&4|276&4|310&4|
883;323&5|355&5|512&5|403&5|
873;328&4|342&4|326&4|258&3|
884;529&5|921&5|9&5|269&5|
882;1&5|420&5|496&5|427&5|
886;79&5|1067&5|180&5|178&5|
866;306&4|900&4|321&3|242&3|
885;169&5|660&5|210&5|274&5|
889;512&5|169&5|33&5|462&5|
874;357&5|127&5|116&4|275&4|
890;654&5|208&5|234&5|675&5|
892;187&5|100&5|182&5|50&5|
887;140&5|760&5|673&5|257&5|
891;285&5|866&5|313&5|282&5|
894;960&5|318&5|286&5|59&5|
893;172&5|405&5|161&5|151&4|
896;96&5|98&5|478&5|190&5|
897;597&5|118&5|501&5|498&5|
901;194&5|566&5|1041&5|393&5|
899;95&5|121&5|427&5|174&5|
903;651&5|179&5|30&5|211&5|
904;280&5|421&5|275&5|289&5|
907;278&5|1284&5|1047&5|402&5|
905;591&4|321&4|471&4|129&4|
902;50&5|1&5|79&5|318&5|
898;327&5|288&4|270&4|310&4|
895;151&5|301&4|294&4|742&4|
906;286&5|676&5|100&4|473&4|
900;318&4|124&4|483&4|474&4|
908;427&5|558&4|963&4|423&4|
916;14&5|92&5|156&5|512&5|
911;143&5|153&5|151&5|655&5|
912;655&5|357&5|132&5|483&5|
914;643&4|197&4|371&4|1406&4|
918;213&5|428&5|707&5|507&5|
919;100&5|275&5|272&5|276&5|
921;328&5|181&5|419&5|678&5|
910;182&4|414&4|183&4|742&4|
913;9&5|144&5|613&5|89&5|
915;302&4|286&4|750&4|315&4|
922;98&5|202&5|11&5|265&5|
923;1012&5|181&5|334&5|1277&5|
927;393&5|64&5|288&5|300&5|
924;50&5|504&5|496&5|923&5|
928;98&5|487&5|276&5|127&5|
931;286&5|272&5|333&5|315&5|
917;628&5|740&5|276&5|696&5|
932;484&5|1558&5|199&5|745&5|
909;261&5|116&5|275&5|707&5|
934;69&5|56&5|1449&5|174&5|
933;179&5|64&5|100&5|98&5|
935;742&5|237&5|313&5|864&5|
938;258&5|100&5|370&5|928&5|
929;517&5|135&5|515&5|98&5|
940;56&5|709&5|855&5|482&5|
888;269&5|514&5|191&5|869&4|
942;172&5|95&5|131&5|659&5|
937;275&4|93&4|283&4|303&4|
926;286&4|340&4|258&4|300&3|
943;233&5|471&5|100&5|475&5|
939;1028&5|1051&5|237&5|508&5|
936;1368&5|276&5|919&5|1344&5|
930;121&4|281&4|238&4|282&4|
941;919&5|408&5|298&5|147&4|
920;310&4|258&4|1612&4|350&4|
925;682&4|185&4|323&4|332&4|
